Maveli 2005,Intelilens,Plastic,Goggles,2100,Silver,Unisex,54-20-140,51
Marco 2077,GAINX,Magnesium,Aviator,3000,Brown,Unisex,52-18-120,42
Titan 1001,Optify,Nickel,Browline,1000,Black,Female,51-16-112,45
Marco 1994,GAINX,Plastic,Goggles,3000,Blue,Male,56-22-150,56
Wayfarer 1100,HALO,Nickel,Aviator,800,Black,Unisex,53-20-145;UV Protected,40
Cavalli 3333,TAGGY,Magnesium,Browline,1000,Silver,Unisex,55-18-150; Anti-Glare,32
Blue Cut 2211,Royal Son,Stainless Steel,Browline,600,Silver,Female,56-20-156,31
Masquerade 2232,Zyaden,Plastic,Browline,1100,Black,Male,50-18-120,46
Designer Stile 1345,JM,Stainless Steel,Goggles,2000,Silver,Male,52-22-122,37
Colombus 2331,U.S CRAFT, Plastic,Browline,3200,Blue,Unisex,50-18-122; UV Protected,40
Designer M-1221,Livho,Nickel,Browline,1100,Black,Male,54-19-130,43
Alpha 1117,U.S CRAFT,Plastic,Browline,2350,Brown,Female,54-19-140,52
