Maveli 1005,Intelilens,Plastic,Goggles,2200,Black,Unisex,54-20-140,50
Marco 2075,GAINX,Magnesium,Browline,3200,Silver,Unisex,52-18-120 ; UV Protected,45
Titan 1998,Optify,Stainless Steel,Browline,200,Black,Male,50-17-110,43
Marco 1034,GAINX,Plastic,Goggles,3300,Blue,Male,56-22-150,51
Wayfarer M-9763,HALO,Nickel,Aviator,700,Brown,Unisex,56-23-148,38
Cavalli 3343,TAGGY,Magnesium,Browline,900,Silver,Unisex,55-18-150 ; Anti-Glare,46
Blue Cut 2111,Royal Son,Stainless Steel,Browline,580,Silver,Unisex,53-17-150,53
Orlais 2232,Zyaden,Plastic,Browline,1000,Black,Male,50-18-120,46
Designer Stile 2345,JM,Stainless Steel,Goggles,1000,Blue,Male,52-22-122,37
Colombus 2333,U.S CRAFT,Stainless Steel,Browline,2200,Blue,Unisex,50-18-122 ; UV Protected,47
Retro M-1221,Livho,Nickel,Browline,1000,Black,Unisex,54-19-130,43
Colombus 1117,U.S CRAFT,Plastic,Browline,2300,Brown,Female,52-18-138,52
Professor M-7854,JM,Magnesium,Rimless,3000,Silver,Female,53-17-140,38
Premium Bluecut Frame,HALO,Plastic,Browline,5000,Silver,Unisex,54-19-142,54
Cavalli 2222,TAGGY,Plastic,Browline,750,Yellow,Male,55-20-145,48
Diesel 3339,Royal Son,Stainless Steel,Aviator,750,Black,Female,53-17-138,49
Orlais 2339,Zyaden,Nickel,Browline,3300,Black,Unisex,50-15-135 ; Smog-free,51
Clubmaster M-7689,GAINX,Nickel,Browline,900,Red,Unisex,52-18-138,47
Markus 7888,Ray-Ban,Magnesium,Browline,1100,Blue,Unisex,50-18-150,43
Phantos 7332,Ray-Ban,Plastic,Browline,1700,Black,Unisex,54-20-138,45
Stile 3338,JM,Rubber,Goggles,1250,Red,Unisex,52-18-136 ; Smog-free,50
Blue Ray Cut 6759,U.S CRAFT,Titanium,Rimless,1250,Blue,Unisex,54-20-142 ; UV Protected,40
Cavalli 1771,TAGGY,Plastic,Rimless,700,Blue,Female,50-16-136,39
Diesel 5644,Royal Son,Magnesium,Aviator,850,Yellow,Male,52-18-139,40
Wayfarer 9886,HALO,Titanium,Browline,1250,Brown,Unisex,50-15-135,43
Titan 1000,Optify,Titanium,Rimless,1200,Red,Unisex,54-18-140,47
Marco 2344,GAINX,Stainless Steel,Browline,2300,Brown,Unisex,52-15-135 ; Anti-Glare,51
Zeke 1331,Zyaden,Plastic,Browline,3000,Blue,Female,50-19-144,44
Maveli 2333,Intelilens,Plastic,Goggles,3300,Blue,Male,52-20-145,45
Premium Stile 1221,JM,Nickel,Rimless,200,Red,Unisex,50-18-142 ; Anti-Glare,44
